<project xmlns="http://maven.apache.org/DECORATION/1.0.0"
    xmlns:xsi="http://www.w3.org/2001/XMLSchema-instance" xsi:schemaLocation="http://maven.apache.org/DECORATION/1.3.0 http://maven.apache.org/xsd/decoration-1.3.0.xsd"
    name="Reproducible Build Maven Plugin">

  <bannerLeft>
    <name>Reproducible Build Maven Plugin</name>
  </bannerLeft>

  <skin>
    <groupId>org.apache.maven.skins</groupId>
    <artifactId>maven-fluido-skin</artifactId>
    <version>1.6</version>
  </skin>

  <custom>
    <fluidoSkin>
      <topBarEnabled>false</topBarEnabled>
      <sideBarEnabled>true</sideBarEnabled>
      <breadcrumbDivider>/</breadcrumbDivider>
      <gitHub>
        <projectId>zlika/reproducible-build-maven-plugin</projectId>
        <ribbonOrientation>right</ribbonOrientation>
        <ribbonColor>red</ribbonColor>
      </gitHub>
    </fluidoSkin>
  </custom>

  <publishDate format="yyyy-MM-dd" position="right"/>
  <version position="right"/>

  <body>

    <breadcrumbs>
      <item name="Reproducible Build Maven Plugin" href="index.html"/>
    </breadcrumbs>

    <menu name="Overview">
      <item name="Introduction" href="index.html"/>
      <item name="Goals" href="plugin-info.html"/>
      <item name="Usage" href="usage.html"/>
      <item name="FAQ" href="faq.html"/>
    </menu>
    <menu ref="reports" />
  </body>
</project>
